"exam","year","sitting","subject","type","url","path","bytes","sha256","retrieved","source_page"
"106020","106","1","11","Q","https://wwwq.moex.gov.tw/exam/wHandExamQandA_File.ashx?t=Q&code=106020&c=309&s=11&q=1","study_radiographer/sources/106_1/11_Q.pdf","335041","520D0864922806F9CDD85AFDBF7FC0E5E65BBF0778BDA795626EDD51F9CB57BA","2026-09-10","https://wwwq.moex.gov.tw/exam/wFrmExamQandASearch.aspx?e=106020&y=2017"
"106020","106","1","11","S","https://wwwq.moex.gov.tw/exam/wHandExamQandA_File.ashx?t=S&code=106020&c=309&s=11&q=1","study_radiographer/sources/106_1/11_S.pdf","45303","50544EAA0FF0E2C47E7E9231B8CA33B7C9EADB3820D455434E0FEBE0786D2B41","2026-09-10","https://wwwq.moex.gov.tw/exam/wFrmExamQandASearch.aspx?e=106020&y=2017"
"106020","106","1","11","M","https://wwwq.moex.gov.tw/exam/wHandExamQandA_File.ashx?t=M&code=106020&c=309&s=11&q=1","study_radiographer/sources/106_1/11_M.pdf","47304","B72B78C73FD8C0B6B6E18DD5C5573D8C5923E03C36908A2F766E4B176398FDD8","2026-09-10","https://wwwq.moex.gov.tw/exam/wFrmExamQandASearch.aspx?e=106020&y=2017"
"106020","106","1","22","Q","https://wwwq.moex.gov.tw/exam/wHandExamQandA_File.ashx?t=Q&code=106020&c=309&s=22&q=1","study_radiographer/sources/106_1/22_Q.pdf","340480","DC9D8B64A56D7237A9E9E1D843E2B3DF571E99076D6B6B352023A282BF4EF404","2026-09-10","https://wwwq.moex.gov.tw/exam/wFrmExamQandASearch.aspx?e=106020&y=2017"
"106020","106","1","22","S","https://wwwq.moex.gov.tw/exam/wHandExamQandA_File.ashx?t=S&code=106020&c=309&s=22&q=1","study_radiographer/sources/106_1/22_S.pdf","44310","086D2F1D70027D5F3741E288BE04572DB3402CE1B0A4B26C8D0CC1C1403D907D","2026-09-10","https://wwwq.moex.gov.tw/exam/wFrmExamQandASearch.aspx?e=106020&y=2017"
"106020","106","1","33","Q","https://wwwq.moex.gov.tw/exam/wHandExamQandA_File.ashx?t=Q&code=106020&c=309&s=33&q=1","study_radiographer/sources/106_1/33_Q.pdf","433332","C8A2095AE49C5D52E27954A84AC49C510E20B35687F3B7EA15997DE293AC235B","2026-09-10","https://wwwq.moex.gov.tw/exam/wFrmExamQandASearch.aspx?e=106020&y=2017"
"106020","106","1","33","S","https://wwwq.moex.gov.tw/exam/wHandExamQandA_File.ashx?t=S&code=106020&c=309&s=33&q=1","study_radiographer/sources/106_1/33_S.pdf","45572","73FD84128268B3CA5E528253A47CD976B3D1EF197D82413EA8B6AC40A658E3F0","2026-09-10","https://wwwq.moex.gov.tw/exam/wFrmExamQandASearch.aspx?e=106020&y=2017"
"106020","106","1","44","Q","https://wwwq.moex.gov.tw/exam/wHandExamQandA_File.ashx?t=Q&code=106020&c=309&s=44&q=1","study_radiographer/sources/106_1/44_Q.pdf","879060","E3B1AA89829878E07903CFB341D7DA9B2EBEA70714FE2EC236772113BB5160ED","2026-09-10","https://wwwq.moex.gov.tw/exam/wFrmExamQandASearch.aspx?e=106020&y=2017"
"106020","106","1","44","S","https://wwwq.moex.gov.tw/exam/wHandExamQandA_File.ashx?t=S&code=106020&c=309&s=44&q=1","study_radiographer/sources/106_1/44_S.pdf","44625","B79AE6E2F84D757CCE7599713BF6F6A5E6CA6E424289A53F89F240B11E6D7106","2026-09-10","https://wwwq.moex.gov.tw/exam/wFrmExamQandASearch.aspx?e=106020&y=2017"
"106020","106","1","55","Q","https://wwwq.moex.gov.tw/exam/wHandExamQandA_File.ashx?t=Q&code=106020&c=309&s=55&q=1","study_radiographer/sources/106_1/55_Q.pdf","494821","8FBC2B320BBEE89831DD580DB296CC03026ACD667BC5E52A9E3626127739DDE9","2026-09-10","https://wwwq.moex.gov.tw/exam/wFrmExamQandASearch.aspx?e=106020&y=2017"
"106020","106","1","55","S","https://wwwq.moex.gov.tw/exam/wHandExamQandA_File.ashx?t=S&code=106020&c=309&s=55&q=1","study_radiographer/sources/106_1/55_S.pdf","44074","4AC75F04AC8A6C6C586DC8E853CB81C17B702DD2233A920881DE8A4208E4C99F","2026-09-10","https://wwwq.moex.gov.tw/exam/wFrmExamQandASearch.aspx?e=106020&y=2017"
"106020","106","1","66","Q","https://wwwq.moex.gov.tw/exam/wHandExamQandA_File.ashx?t=Q&code=106020&c=309&s=66&q=1","study_radiographer/sources/106_1/66_Q.pdf","453347","20EA580597D53E8B5BED4E13CA50D0C78DFCE9E331B9533669206D700BB7F5E2","2026-09-10","https://wwwq.moex.gov.tw/exam/wFrmExamQandASearch.aspx?e=106020&y=2017"
"106020","106","1","66","S","https://wwwq.moex.gov.tw/exam/wHandExamQandA_File.ashx?t=S&code=106020&c=309&s=66&q=1","study_radiographer/sources/106_1/66_S.pdf","44119","0D00804A6E1555CCD34E93AFC3E88DB504F84CDE94DE067ADF32639BCEBDBB9E","2026-09-10","https://wwwq.moex.gov.tw/exam/wFrmExamQandASearch.aspx?e=106020&y=2017"
"106100","106","2","11","Q","https://wwwq.moex.gov.tw/exam/wHandExamQandA_File.ashx?t=Q&code=106100&c=309&s=11&q=1","study_radiographer/sources/106_2/11_Q.pdf","707102","28ECC6424DE541525041F23A4BCABC932D7EA4E659A108B13C6B4EC0CE42F81D","2026-09-10","https://wwwq.moex.gov.tw/exam/wFrmExamQandASearch.aspx?e=106100&y=2017"
"106100","106","2","11","S","https://wwwq.moex.gov.tw/exam/wHandExamQandA_File.ashx?t=S&code=106100&c=309&s=11&q=1","study_radiographer/sources/106_2/11_S.pdf","44484","06C61287E291A5836EB3F00086760D384E0EFB90A007CB0369CAF46247B52138","2026-09-10","https://wwwq.moex.gov.tw/exam/wFrmExamQandASearch.aspx?e=106100&y=2017"
"106100","106","2","22","Q","https://wwwq.moex.gov.tw/exam/wHandExamQandA_File.ashx?t=Q&code=106100&c=309&s=22&q=1","study_radiographer/sources/106_2/22_Q.pdf","710999","93AF71FC5F527DED6C286D74A96BC2A492FF92EBDC2FEEFBD673C2535AEBE1D5","2026-09-10","https://wwwq.moex.gov.tw/exam/wFrmExamQandASearch.aspx?e=106100&y=2017"
"106100","106","2","22","S","https://wwwq.moex.gov.tw/exam/wHandExamQandA_File.ashx?t=S&code=106100&c=309&s=22&q=1","study_radiographer/sources/106_2/22_S.pdf","43549","EC3240184A87FC99A1331F9DD09CBD5E5F7A95D796588C684D855E8D4ED0DFB4","2026-09-10","https://wwwq.moex.gov.tw/exam/wFrmExamQandASearch.aspx?e=106100&y=2017"
"106100","106","2","33","Q","https://wwwq.moex.gov.tw/exam/wHandExamQandA_File.ashx?t=Q&code=106100&c=309&s=33&q=1","study_radiographer/sources/106_2/33_Q.pdf","398290","677F87ADD3D913997843E0304B473C9B7203A12117304FF6AA555A2014684A92","2026-09-10","https://wwwq.moex.gov.tw/exam/wFrmExamQandASearch.aspx?e=106100&y=2017"
"106100","106","2","33","S","https://wwwq.moex.gov.tw/exam/wHandExamQandA_File.ashx?t=S&code=106100&c=309&s=33&q=1","study_radiographer/sources/106_2/33_S.pdf","44637","3C629CD8FBCEB2CBE01E36671EFAA99A314E3E3C84CD30B1D84B82B47BA48C79","2026-09-10","https://wwwq.moex.gov.tw/exam/wFrmExamQandASearch.aspx?e=106100&y=2017"
"106100","106","2","33","M","https://wwwq.moex.gov.tw/exam/wHandExamQandA_File.ashx?t=M&code=106100&c=309&s=33&q=1","study_radiographer/sources/106_2/33_M.pdf","46618","64E977FBEA47B59D6F73DFDCECF858838BD52313E1218B035D5D42592923481B","2026-09-10","https://wwwq.moex.gov.tw/exam/wFrmExamQandASearch.aspx?e=106100&y=2017"
"106100","106","2","44","Q","https://wwwq.moex.gov.tw/exam/wHandExamQandA_File.ashx?t=Q&code=106100&c=309&s=44&q=1","study_radiographer/sources/106_2/44_Q.pdf","1504657","D848259FDE57717FB9A77EE4EF982431D774E7A6EDD809A2DE115A567BE7BBBB","2026-09-10","https://wwwq.moex.gov.tw/exam/wFrmExamQandASearch.aspx?e=106100&y=2017"
"106100","106","2","44","S","https://wwwq.moex.gov.tw/exam/wHandExamQandA_File.ashx?t=S&code=106100&c=309&s=44&q=1","study_radiographer/sources/106_2/44_S.pdf","44119","2A7EE5F165D2197EFA5AB61422A70E55E4A84075D0EA5E044A572108A7AE3F09","2026-09-10","https://wwwq.moex.gov.tw/exam/wFrmExamQandASearch.aspx?e=106100&y=2017"
"106100","106","2","55","Q","https://wwwq.moex.gov.tw/exam/wHandExamQandA_File.ashx?t=Q&code=106100&c=309&s=55&q=1","study_radiographer/sources/106_2/55_Q.pdf","372696","7D3B756AE8B613B4506BE5BA36EE24BE66E9AFC3ED5BB14BF1951E4E013FFC2A","2026-09-10","https://wwwq.moex.gov.tw/exam/wFrmExamQandASearch.aspx?e=106100&y=2017"
"106100","106","2","55","S","https://wwwq.moex.gov.tw/exam/wHandExamQandA_File.ashx?t=S&code=106100&c=309&s=55&q=1","study_radiographer/sources/106_2/55_S.pdf","43627","2441CE57901840B025410C68A9DCA734432321E6A6CE8AA64E88CD963634F02A","2026-09-10","https://wwwq.moex.gov.tw/exam/wFrmExamQandASearch.aspx?e=106100&y=2017"
"106100","106","2","55","M","https://wwwq.moex.gov.tw/exam/wHandExamQandA_File.ashx?t=M&code=106100&c=309&s=55&q=1","study_radiographer/sources/106_2/55_M.pdf","45548","9579D45564396046FE5A95F990682AFE79D293594A0BCC1DF60C2B28E15C6A1E","2026-09-10","https://wwwq.moex.gov.tw/exam/wFrmExamQandASearch.aspx?e=106100&y=2017"
"106100","106","2","66","Q","https://wwwq.moex.gov.tw/exam/wHandExamQandA_File.ashx?t=Q&code=106100&c=309&s=66&q=1","study_radiographer/sources/106_2/66_Q.pdf","363695","C10D501F7D757E79458BC3824969A3B63C6B46352ED781F6DDB91223D67B4C4E","2026-09-10","https://wwwq.moex.gov.tw/exam/wFrmExamQandASearch.aspx?e=106100&y=2017"
"106100","106","2","66","S","https://wwwq.moex.gov.tw/exam/wHandExamQandA_File.ashx?t=S&code=106100&c=309&s=66&q=1","study_radiographer/sources/106_2/66_S.pdf","43604","D1CC26421CAFB5FB42B1F931EEA69999012244EDD7111EA6CC36CAF5D5AB2324","2026-09-10","https://wwwq.moex.gov.tw/exam/wFrmExamQandASearch.aspx?e=106100&y=2017"
"106100","106","2","66","M","https://wwwq.moex.gov.tw/exam/wHandExamQandA_File.ashx?t=M&code=106100&c=309&s=66&q=1","study_radiographer/sources/106_2/66_M.pdf","45649","EC2B64058168D6BFAD69E258C3B496EDFD356701D850A8CFAE99BB15A563149D","2026-09-10","https://wwwq.moex.gov.tw/exam/wFrmExamQandASearch.aspx?e=106100&y=2017"
"107020","107","1","11","Q","https://wwwq.moex.gov.tw/exam/wHandExamQandA_File.ashx?t=Q&code=107020&c=309&s=11&q=1","study_radiographer/sources/107_1/11_Q.pdf","351663","700E0746AE92A6D463FAB324F1EDA0AE0ECA6643ABC43AE0EACEF1E74F23389E","2026-09-10","https://wwwq.moex.gov.tw/exam/wFrmExamQandASearch.aspx?e=107020&y=2018"
"107020","107","1","11","S","https://wwwq.moex.gov.tw/exam/wHandExamQandA_File.ashx?t=S&code=107020&c=309&s=11&q=1","study_radiographer/sources/107_1/11_S.pdf","45311","D199741C93D5DF1CAF2AB560DE4A87744F33E9441E5175D0B6D440740FF9ECEE","2026-09-10","https://wwwq.moex.gov.tw/exam/wFrmExamQandASearch.aspx?e=107020&y=2018"
"107020","107","1","22","Q","https://wwwq.moex.gov.tw/exam/wHandExamQandA_File.ashx?t=Q&code=107020&c=309&s=22&q=1","study_radiographer/sources/107_1/22_Q.pdf","674036","75978CB784B9475DBA6C3C28D8E389AA9C3D2A466B598D4FEF9A13D3A88ED414","2026-09-10","https://wwwq.moex.gov.tw/exam/wFrmExamQandASearch.aspx?e=107020&y=2018"
"107020","107","1","22","S","https://wwwq.moex.gov.tw/exam/wHandExamQandA_File.ashx?t=S&code=107020&c=309&s=22&q=1","study_radiographer/sources/107_1/22_S.pdf","44322","B4ECCF82077DCE6AC90CFABD46ED43DA030776AEE6B5DDA7F689C9F48D9ADF3E","2026-09-10","https://wwwq.moex.gov.tw/exam/wFrmExamQandASearch.aspx?e=107020&y=2018"
"107020","107","1","22","M","https://wwwq.moex.gov.tw/exam/wHandExamQandA_File.ashx?t=M&code=107020&c=309&s=22&q=1","study_radiographer/sources/107_1/22_M.pdf","46185","1281DD9E0DA829F0E3D13CA63CCE04CC811B2705285C3A3E00CB4353FBF85DA8","2026-09-10","https://wwwq.moex.gov.tw/exam/wFrmExamQandASearch.aspx?e=107020&y=2018"
"107020","107","1","33","Q","https://wwwq.moex.gov.tw/exam/wHandExamQandA_File.ashx?t=Q&code=107020&c=309&s=33&q=1","study_radiographer/sources/107_1/33_Q.pdf","415805","1B899E5832668616EF6E201E790E2BFDA9A89DBCF73968D046EBDA823859D128","2026-09-10","https://wwwq.moex.gov.tw/exam/wFrmExamQandASearch.aspx?e=107020&y=2018"
"107020","107","1","33","S","https://wwwq.moex.gov.tw/exam/wHandExamQandA_File.ashx?t=S&code=107020&c=309&s=33&q=1","study_radiographer/sources/107_1/33_S.pdf","45574","A856942D2DD8867643889D13D31FBBFB84EA499CD63E1FC46038CBF1DB094184","2026-09-10","https://wwwq.moex.gov.tw/exam/wFrmExamQandASearch.aspx?e=107020&y=2018"
"107020","107","1","44","Q","https://wwwq.moex.gov.tw/exam/wHandExamQandA_File.ashx?t=Q&code=107020&c=309&s=44&q=1","study_radiographer/sources/107_1/44_Q.pdf","1277740","62D2574CCA952A5CA222AE5006B9811A1FE922384F83AE99A1AE4E24FF207786","2026-09-10","https://wwwq.moex.gov.tw/exam/wFrmExamQandASearch.aspx?e=107020&y=2018"
"107020","107","1","44","S","https://wwwq.moex.gov.tw/exam/wHandExamQandA_File.ashx?t=S&code=107020&c=309&s=44&q=1","study_radiographer/sources/107_1/44_S.pdf","44631","C49058A7EDEB5F3729761855CAFADD04BA2295981826C31297C82505E6EA939D","2026-09-10","https://wwwq.moex.gov.tw/exam/wFrmExamQandASearch.aspx?e=107020&y=2018"
"107020","107","1","55","Q","https://wwwq.moex.gov.tw/exam/wHandExamQandA_File.ashx?t=Q&code=107020&c=309&s=55&q=1","study_radiographer/sources/107_1/55_Q.pdf","371899","E283C8161E48C21BD72DF0C45E729AC20A646F190825CB15216723A9399C1E23","2026-09-10","https://wwwq.moex.gov.tw/exam/wFrmExamQandASearch.aspx?e=107020&y=2018"
"107020","107","1","55","S","https://wwwq.moex.gov.tw/exam/wHandExamQandA_File.ashx?t=S&code=107020&c=309&s=55&q=1","study_radiographer/sources/107_1/55_S.pdf","44083","97EDD47CCCB65B7B8202C1980C0503FC892E99BC5355574933074F6E4610BB8E","2026-09-10","https://wwwq.moex.gov.tw/exam/wFrmExamQandASearch.aspx?e=107020&y=2018"
"107020","107","1","55","M","https://wwwq.moex.gov.tw/exam/wHandExamQandA_File.ashx?t=M&code=107020&c=309&s=55&q=1","study_radiographer/sources/107_1/55_M.pdf","46031","39F5D0A5C023CEC3A3A36D984DA746F23E98D8598EF08871CFC5780DE4FC928C","2026-09-10","https://wwwq.moex.gov.tw/exam/wFrmExamQandASearch.aspx?e=107020&y=2018"
"107020","107","1","66","Q","https://wwwq.moex.gov.tw/exam/wHandExamQandA_File.ashx?t=Q&code=107020&c=309&s=66&q=1","study_radiographer/sources/107_1/66_Q.pdf","874793","03D2E8B674DACB7C0F722E261E7BA97A22718EFA8D5B415C99E2869A3ECF88B4","2026-09-10","https://wwwq.moex.gov.tw/exam/wFrmExamQandASearch.aspx?e=107020&y=2018"
"107020","107","1","66","S","https://wwwq.moex.gov.tw/exam/wHandExamQandA_File.ashx?t=S&code=107020&c=309&s=66&q=1","study_radiographer/sources/107_1/66_S.pdf","44138","3DFC730635FF4ACC7B332E24799E58A9BD36636651FF44B47ECC1841813B8FF6","2026-09-10","https://wwwq.moex.gov.tw/exam/wFrmExamQandASearch.aspx?e=107020&y=2018"
"107020","107","1","66","M","https://wwwq.moex.gov.tw/exam/wHandExamQandA_File.ashx?t=M&code=107020&c=309&s=66&q=1","study_radiographer/sources/107_1/66_M.pdf","46079","E626A59F90EB99DF4527A83D4C8940F3B125BF2D8AE0731A0AFD4F082B3C56D2","2026-09-10","https://wwwq.moex.gov.tw/exam/wFrmExamQandASearch.aspx?e=107020&y=2018"
"107100","107","2","11","Q","https://wwwq.moex.gov.tw/exam/wHandExamQandA_File.ashx?t=Q&code=107100&c=309&s=11&q=1","study_radiographer/sources/107_2/11_Q.pdf","310902","616D988042FB17EBE423E55E83251C89227A3110F11004A0399014DF21B5B5E4","2026-09-10","https://wwwq.moex.gov.tw/exam/wFrmExamQandASearch.aspx?e=107100&y=2018"
"107100","107","2","11","S","https://wwwq.moex.gov.tw/exam/wHandExamQandA_File.ashx?t=S&code=107100&c=309&s=11&q=1","study_radiographer/sources/107_2/11_S.pdf","44897","7FB6CCF9C51205858E368768556AF5C50944F0AD9203CEA150FE5C913B9D8E4D","2026-09-10","https://wwwq.moex.gov.tw/exam/wFrmExamQandASearch.aspx?e=107100&y=2018"
"107100","107","2","22","Q","https://wwwq.moex.gov.tw/exam/wHandExamQandA_File.ashx?t=Q&code=107100&c=309&s=22&q=1","study_radiographer/sources/107_2/22_Q.pdf","367917","2687004639E10FCB40733C9989F0B82592F3C04C92139D6C2EEE5DBD0456D5FB","2026-09-10","https://wwwq.moex.gov.tw/exam/wFrmExamQandASearch.aspx?e=107100&y=2018"
"107100","107","2","22","S","https://wwwq.moex.gov.tw/exam/wHandExamQandA_File.ashx?t=S&code=107100&c=309&s=22&q=1","study_radiographer/sources/107_2/22_S.pdf","43928","987DBD16C7896C3C4D3166967131B50E58EDA64B602BF9F1E4C21B41DFFEF951","2026-09-10","https://wwwq.moex.gov.tw/exam/wFrmExamQandASearch.aspx?e=107100&y=2018"
"107100","107","2","22","M","https://wwwq.moex.gov.tw/exam/wHandExamQandA_File.ashx?t=M&code=107100&c=309&s=22&q=1","study_radiographer/sources/107_2/22_M.pdf","45729","BE66AACFBC5A90045D9CD7099E2CCCC48F70C728F392A3948E88465FC3B27A8F","2026-09-10","https://wwwq.moex.gov.tw/exam/wFrmExamQandASearch.aspx?e=107100&y=2018"
"107100","107","2","33","Q","https://wwwq.moex.gov.tw/exam/wHandExamQandA_File.ashx?t=Q&code=107100&c=309&s=33&q=1","study_radiographer/sources/107_2/33_Q.pdf","301034","5AAC380D6CC55E65CEE396CEC641389B85897E98AD0CE362690953AFD555ED55","2026-09-10","https://wwwq.moex.gov.tw/exam/wFrmExamQandASearch.aspx?e=107100&y=2018"
"107100","107","2","33","S","https://wwwq.moex.gov.tw/exam/wHandExamQandA_File.ashx?t=S&code=107100&c=309&s=33&q=1","study_radiographer/sources/107_2/33_S.pdf","45181","7AB48F0F9A00158FB80B4974971967293424CDC65C929662B93653132DCB193E","2026-09-10","https://wwwq.moex.gov.tw/exam/wFrmExamQandASearch.aspx?e=107100&y=2018"
"107100","107","2","44","Q","https://wwwq.moex.gov.tw/exam/wHandExamQandA_File.ashx?t=Q&code=107100&c=309&s=44&q=1","study_radiographer/sources/107_2/44_Q.pdf","1693374","46B3A26264912F9FFC132201E73FB0D92AF4A2CF64660397F5BF9A28BB8CD6C2","2026-09-10","https://wwwq.moex.gov.tw/exam/wFrmExamQandASearch.aspx?e=107100&y=2018"
"107100","107","2","44","S","https://wwwq.moex.gov.tw/exam/wHandExamQandA_File.ashx?t=S&code=107100&c=309&s=44&q=1","study_radiographer/sources/107_2/44_S.pdf","44408","C6D3FD15F55124C5E41E9E42FD0EC3E57AD62DE9F40CF2347842237505993612","2026-09-10","https://wwwq.moex.gov.tw/exam/wFrmExamQandASearch.aspx?e=107100&y=2018"
"107100","107","2","44","M","https://wwwq.moex.gov.tw/exam/wHandExamQandA_File.ashx?t=M&code=107100&c=309&s=44&q=1","study_radiographer/sources/107_2/44_M.pdf","46218","95321D22B9C8D61F8AF35C0B3E018CA4F6D03DA9AA1A2483E377A75B3EA5A888","2026-09-10","https://wwwq.moex.gov.tw/exam/wFrmExamQandASearch.aspx?e=107100&y=2018"
"107100","107","2","55","Q","https://wwwq.moex.gov.tw/exam/wHandExamQandA_File.ashx?t=Q&code=107100&c=309&s=55&q=1","study_radiographer/sources/107_2/55_Q.pdf","438987","BC76612C5B4459741E7D947888263B37DFF8FCA140AD09CB284BBEC7EA98FE08","2026-09-10","https://wwwq.moex.gov.tw/exam/wFrmExamQandASearch.aspx?e=107100&y=2018"
"107100","107","2","55","S","https://wwwq.moex.gov.tw/exam/wHandExamQandA_File.ashx?t=S&code=107100&c=309&s=55&q=1","study_radiographer/sources/107_2/55_S.pdf","43924","1769B7A1A95B609DF5054C48AD238F46A54B6E2E680F5F4DA639A2F71CF02B33","2026-09-10","https://wwwq.moex.gov.tw/exam/wFrmExamQandASearch.aspx?e=107100&y=2018"
"107100","107","2","55","M","https://wwwq.moex.gov.tw/exam/wHandExamQandA_File.ashx?t=M&code=107100&c=309&s=55&q=1","study_radiographer/sources/107_2/55_M.pdf","45902","54C63DDBB1BE15A594A50A0DA2C710358006713386EDCC87FC4471FF6AA4034E","2026-09-10","https://wwwq.moex.gov.tw/exam/wFrmExamQandASearch.aspx?e=107100&y=2018"
"107100","107","2","66","Q","https://wwwq.moex.gov.tw/exam/wHandExamQandA_File.ashx?t=Q&code=107100&c=309&s=66&q=1","study_radiographer/sources/107_2/66_Q.pdf","376864","078360AC2DC513D8909686B0347B02928FE6AD5611B8C52AA022B3DD1213ED6C","2026-09-10","https://wwwq.moex.gov.tw/exam/wFrmExamQandASearch.aspx?e=107100&y=2018"
"107100","107","2","66","S","https://wwwq.moex.gov.tw/exam/wHandExamQandA_File.ashx?t=S&code=107100&c=309&s=66&q=1","study_radiographer/sources/107_2/66_S.pdf","43904","75CBC34102C4DC94AC0DB5A05D87F5CA4356F3C8E3085EEDCE1619A4B84BE472","2026-09-10","https://wwwq.moex.gov.tw/exam/wFrmExamQandASearch.aspx?e=107100&y=2018"
"107100","107","2","66","M","https://wwwq.moex.gov.tw/exam/wHandExamQandA_File.ashx?t=M&code=107100&c=309&s=66&q=1","study_radiographer/sources/107_2/66_M.pdf","45887","25290493F76087294F0CB6113CEF5D4612575AB69181BDAFF267F2679F898E7E","2026-09-10","https://wwwq.moex.gov.tw/exam/wFrmExamQandASearch.aspx?e=107100&y=2018"
"108030","108","1","11","Q","https://wwwq.moex.gov.tw/exam/wHandExamQandA_File.ashx?t=Q&code=108030&c=309&s=11&q=1","study_radiographer/sources/108_1/11_Q.pdf","1054072","A2347839A6E8E9B01B0264A105A3028A0DF22034E5E3FEAD85B12AFC508762C5","2026-09-10","https://wwwq.moex.gov.tw/exam/wFrmExamQandASearch.aspx?e=108030&y=2019"
"108030","108","1","11","S","https://wwwq.moex.gov.tw/exam/wHandExamQandA_File.ashx?t=S&code=108030&c=309&s=11&q=1","study_radiographer/sources/108_1/11_S.pdf","45359","82133EE183A586EC0BB7D084ACA282E99582E382F047E9813A681AE14695EE11","2026-09-10","https://wwwq.moex.gov.tw/exam/wFrmExamQandASearch.aspx?e=108030&y=2019"
"108030","108","1","22","Q","https://wwwq.moex.gov.tw/exam/wHandExamQandA_File.ashx?t=Q&code=108030&c=309&s=22&q=1","study_radiographer/sources/108_1/22_Q.pdf","943156","1FDFCD128A571F25123E443C55C24BBA356A45B198EB19F47F3ACD452F15CC45","2026-09-10","https://wwwq.moex.gov.tw/exam/wFrmExamQandASearch.aspx?e=108030&y=2019"
"108030","108","1","22","S","https://wwwq.moex.gov.tw/exam/wHandExamQandA_File.ashx?t=S&code=108030&c=309&s=22&q=1","study_radiographer/sources/108_1/22_S.pdf","44376","91B2EDFEEDB522D54D5C68A218C4D75E71106141F0E2DA1AF3F287B345130D0C","2026-09-10","https://wwwq.moex.gov.tw/exam/wFrmExamQandASearch.aspx?e=108030&y=2019"
"108030","108","1","22","M","https://wwwq.moex.gov.tw/exam/wHandExamQandA_File.ashx?t=M&code=108030&c=309&s=22&q=1","study_radiographer/sources/108_1/22_M.pdf","46280","F390BC62756B4FD48E0C721977C361876500291CABD795FBC3D6BDF012A61685","2026-09-10","https://wwwq.moex.gov.tw/exam/wFrmExamQandASearch.aspx?e=108030&y=2019"
"108030","108","1","33","Q","https://wwwq.moex.gov.tw/exam/wHandExamQandA_File.ashx?t=Q&code=108030&c=309&s=33&q=1","study_radiographer/sources/108_1/33_Q.pdf","637072","7F777F216E0B01A0B1483983E58290BA51FEF934BDC0169B45C3CC54800AB6BD","2026-09-10","https://wwwq.moex.gov.tw/exam/wFrmExamQandASearch.aspx?e=108030&y=2019"
"108030","108","1","33","S","https://wwwq.moex.gov.tw/exam/wHandExamQandA_File.ashx?t=S&code=108030&c=309&s=33&q=1","study_radiographer/sources/108_1/33_S.pdf","45623","04613800CE19CFD85554EE4391947A358E13B3670AFD03C3B9B0177153399CC0","2026-09-10","https://wwwq.moex.gov.tw/exam/wFrmExamQandASearch.aspx?e=108030&y=2019"
"108030","108","1","44","Q","https://wwwq.moex.gov.tw/exam/wHandExamQandA_File.ashx?t=Q&code=108030&c=309&s=44&q=1","study_radiographer/sources/108_1/44_Q.pdf","3399416","4ADAEF200E21F043682ACC630B1C1DE58AA41E1365C5427C3A0B64808E2CD60D","2026-09-10","https://wwwq.moex.gov.tw/exam/wFrmExamQandASearch.aspx?e=108030&y=2019"
"108030","108","1","44","S","https://wwwq.moex.gov.tw/exam/wHandExamQandA_File.ashx?t=S&code=108030&c=309&s=44&q=1","study_radiographer/sources/108_1/44_S.pdf","44675","016B19732FDE67DA91E319B2414D7E7CF25514B9C6533A4FB62238F16D909900","2026-09-10","https://wwwq.moex.gov.tw/exam/wFrmExamQandASearch.aspx?e=108030&y=2019"
"108030","108","1","55","Q","https://wwwq.moex.gov.tw/exam/wHandExamQandA_File.ashx?t=Q&code=108030&c=309&s=55&q=1","study_radiographer/sources/108_1/55_Q.pdf","525182","52120FDAE9B1526D0EF23DB835D52AC13BAA64667656332548B0812C529E78A2","2026-09-10","https://wwwq.moex.gov.tw/exam/wFrmExamQandASearch.aspx?e=108030&y=2019"
"108030","108","1","55","S","https://wwwq.moex.gov.tw/exam/wHandExamQandA_File.ashx?t=S&code=108030&c=309&s=55&q=1","study_radiographer/sources/108_1/55_S.pdf","44126","638A45FDD168C4266C59504FC1F9AFD69B0BA016D6BAF3D232611B1082F0ED71","2026-09-10","https://wwwq.moex.gov.tw/exam/wFrmExamQandASearch.aspx?e=108030&y=2019"
"108030","108","1","66","Q","https://wwwq.moex.gov.tw/exam/wHandExamQandA_File.ashx?t=Q&code=108030&c=309&s=66&q=1","study_radiographer/sources/108_1/66_Q.pdf","766942","134CCA53BC2063865E291927B457EFEC215281C7D472369A27C78B205A1A328C","2026-09-10","https://wwwq.moex.gov.tw/exam/wFrmExamQandASearch.aspx?e=108030&y=2019"
"108030","108","1","66","S","https://wwwq.moex.gov.tw/exam/wHandExamQandA_File.ashx?t=S&code=108030&c=309&s=66&q=1","study_radiographer/sources/108_1/66_S.pdf","44194","536EEA62F06304DB4ABC4F70575DCB2F604C629407F43CCFAC76DD2478200F27","2026-09-10","https://wwwq.moex.gov.tw/exam/wFrmExamQandASearch.aspx?e=108030&y=2019"
"108100","108","2","11","Q","https://wwwq.moex.gov.tw/exam/wHandExamQandA_File.ashx?t=Q&code=108100&c=309&s=11&q=1","study_radiographer/sources/108_2/11_Q.pdf","674174","312213AC0D21FFDA134C53BBCF00F691245BC68D34E3B4F9568C82CA5AB98914","2026-09-10","https://wwwq.moex.gov.tw/exam/wFrmExamQandASearch.aspx?e=108100&y=2019"
"108100","108","2","11","S","https://wwwq.moex.gov.tw/exam/wHandExamQandA_File.ashx?t=S&code=108100&c=309&s=11&q=1","study_radiographer/sources/108_2/11_S.pdf","44917","4EF810CBB21263CA4488B2BCF09FA7AE3BFB2102AD92C013A89ED3E4EC6104DC","2026-09-10","https://wwwq.moex.gov.tw/exam/wFrmExamQandASearch.aspx?e=108100&y=2019"
"108100","108","2","11","M","https://wwwq.moex.gov.tw/exam/wHandExamQandA_File.ashx?t=M&code=108100&c=309&s=11&q=1","study_radiographer/sources/108_2/11_M.pdf","46754","7E2A583A10BEDAA14685EC411F04BE8B7BDF8DC7B978C1A0AC64F52AA8AFD160","2026-09-10","https://wwwq.moex.gov.tw/exam/wFrmExamQandASearch.aspx?e=108100&y=2019"
"108100","108","2","22","Q","https://wwwq.moex.gov.tw/exam/wHandExamQandA_File.ashx?t=Q&code=108100&c=309&s=22&q=1","study_radiographer/sources/108_2/22_Q.pdf","520135","C5D45DD0EA36CB0DBF1FD43D047CC6A36E48FED7E32B02A0FD432344EA7DCE48","2026-09-10","https://wwwq.moex.gov.tw/exam/wFrmExamQandASearch.aspx?e=108100&y=2019"
"108100","108","2","22","S","https://wwwq.moex.gov.tw/exam/wHandExamQandA_File.ashx?t=S&code=108100&c=309&s=22&q=1","study_radiographer/sources/108_2/22_S.pdf","43924","A0BD37C017E8474316AB082CB9FAB765C2191F791F9D82AF405A2F4A08A745BF","2026-09-10","https://wwwq.moex.gov.tw/exam/wFrmExamQandASearch.aspx?e=108100&y=2019"
"108100","108","2","33","Q","https://wwwq.moex.gov.tw/exam/wHandExamQandA_File.ashx?t=Q&code=108100&c=309&s=33&q=1","study_radiographer/sources/108_2/33_Q.pdf","1013937","4BD8A262C32B9EEA4670959A1245E7A5CB7FA07310392FA86F32C7B82103E2A5","2026-09-10","https://wwwq.moex.gov.tw/exam/wFrmExamQandASearch.aspx?e=108100&y=2019"
"108100","108","2","33","S","https://wwwq.moex.gov.tw/exam/wHandExamQandA_File.ashx?t=S&code=108100&c=309&s=33&q=1","study_radiographer/sources/108_2/33_S.pdf","45176","042AC232D8E580CBB05F9CC8D42E379EF155C95676171C98E16F0A62CF0FF84A","2026-09-10","https://wwwq.moex.gov.tw/exam/wFrmExamQandASearch.aspx?e=108100&y=2019"
"108100","108","2","44","Q","https://wwwq.moex.gov.tw/exam/wHandExamQandA_File.ashx?t=Q&code=108100&c=309&s=44&q=1","study_radiographer/sources/108_2/44_Q.pdf","1902509","00D777B8AE4F957ED096AAF2264269F06B93A7318A5AC02EA3CE34F337664442","2026-09-10","https://wwwq.moex.gov.tw/exam/wFrmExamQandASearch.aspx?e=108100&y=2019"
"108100","108","2","44","S","https://wwwq.moex.gov.tw/exam/wHandExamQandA_File.ashx?t=S&code=108100&c=309&s=44&q=1","study_radiographer/sources/108_2/44_S.pdf","44395","5136A298282D1B929C89B35DAF3CC86766391BC441EBA01AAA78B0FE386B2F98","2026-09-10","https://wwwq.moex.gov.tw/exam/wFrmExamQandASearch.aspx?e=108100&y=2019"
"108100","108","2","44","M","https://wwwq.moex.gov.tw/exam/wHandExamQandA_File.ashx?t=M&code=108100&c=309&s=44&q=1","study_radiographer/sources/108_2/44_M.pdf","46211","F9861E975E9C065124FCF4D55B673E513B9EBAE13169B44B69E980C3173E3072","2026-09-10","https://wwwq.moex.gov.tw/exam/wFrmExamQandASearch.aspx?e=108100&y=2019"
"108100","108","2","55","Q","https://wwwq.moex.gov.tw/exam/wHandExamQandA_File.ashx?t=Q&code=108100&c=309&s=55&q=1","study_radiographer/sources/108_2/55_Q.pdf","468267","47CBE496813B057BC92B5EEE38A50E717BEC7D8D8958A01E774847C86A5D0E6E","2026-09-10","https://wwwq.moex.gov.tw/exam/wFrmExamQandASearch.aspx?e=108100&y=2019"
"108100","108","2","55","S","https://wwwq.moex.gov.tw/exam/wHandExamQandA_File.ashx?t=S&code=108100&c=309&s=55&q=1","study_radiographer/sources/108_2/55_S.pdf","43906","1C1285544F398A44ADA36DD6F0177770BEF020999E4E74CBD0544DECB314ADA2","2026-09-10","https://wwwq.moex.gov.tw/exam/wFrmExamQandASearch.aspx?e=108100&y=2019"
"108100","108","2","55","M","https://wwwq.moex.gov.tw/exam/wHandExamQandA_File.ashx?t=M&code=108100&c=309&s=55&q=1","study_radiographer/sources/108_2/55_M.pdf","45884","6034A3ED3E20F60C377BBC751F013032772BA7FC07DA254B0927D73A14B9D143","2026-09-10","https://wwwq.moex.gov.tw/exam/wFrmExamQandASearch.aspx?e=108100&y=2019"
"108100","108","2","66","Q","https://wwwq.moex.gov.tw/exam/wHandExamQandA_File.ashx?t=Q&code=108100&c=309&s=66&q=1","study_radiographer/sources/108_2/66_Q.pdf","407947","BAEDE47FFF4EC269C00F929AC9D8378E3E4FF70FBA6EC23D78A965C9DABB98F9","2026-09-10","https://wwwq.moex.gov.tw/exam/wFrmExamQandASearch.aspx?e=108100&y=2019"
"108100","108","2","66","S","https://wwwq.moex.gov.tw/exam/wHandExamQandA_File.ashx?t=S&code=108100&c=309&s=66&q=1","study_radiographer/sources/108_2/66_S.pdf","43903","39FE1797D20139F001F43E8D15A8A5A717A33709C09D532226A3F1CE809A0797","2026-09-10","https://wwwq.moex.gov.tw/exam/wFrmExamQandASearch.aspx?e=108100&y=2019"
"108100","108","2","66","M","https://wwwq.moex.gov.tw/exam/wHandExamQandA_File.ashx?t=M&code=108100&c=309&s=66&q=1","study_radiographer/sources/108_2/66_M.pdf","45792","821A5EBF8F8B6194A7BFAFDB89CA558E06EA10CAA353FFA48716AD64ACAE9CBA","2026-09-10","https://wwwq.moex.gov.tw/exam/wFrmExamQandASearch.aspx?e=108100&y=2019"
"109020","109","1","11","Q","https://wwwq.moex.gov.tw/exam/wHandExamQandA_File.ashx?t=Q&code=109020&c=309&s=11&q=1","study_radiographer/sources/109_1/11_Q.pdf","480234","1C88B11EA1E0EDC00ADB78E9756994CD8A0054136D96A7E9462576C998B24512","2026-09-10","https://wwwq.moex.gov.tw/exam/wFrmExamQandASearch.aspx?e=109020&y=2020"
"109020","109","1","11","S","https://wwwq.moex.gov.tw/exam/wHandExamQandA_File.ashx?t=S&code=109020&c=309&s=11&q=1","study_radiographer/sources/109_1/11_S.pdf","45351","486CEF85E194F25358A006A7AAB6E0BADB19CF9A3B389465C9799419009804D0","2026-09-10","https://wwwq.moex.gov.tw/exam/wFrmExamQandASearch.aspx?e=109020&y=2020"
"109020","109","1","22","Q","https://wwwq.moex.gov.tw/exam/wHandExamQandA_File.ashx?t=Q&code=109020&c=309&s=22&q=1","study_radiographer/sources/109_1/22_Q.pdf","555181","75A948DD4316B28F86DD449E621B48BAD124A393720E59FA4B8905F5BC3BC1C3","2026-09-10","https://wwwq.moex.gov.tw/exam/wFrmExamQandASearch.aspx?e=109020&y=2020"
"109020","109","1","22","S","https://wwwq.moex.gov.tw/exam/wHandExamQandA_File.ashx?t=S&code=109020&c=309&s=22&q=1","study_radiographer/sources/109_1/22_S.pdf","44370","59175011B7CEE92DC02ACEEAE8B307257FC9F6ACE0892C06DEE0849E78A0BB4C","2026-09-10","https://wwwq.moex.gov.tw/exam/wFrmExamQandASearch.aspx?e=109020&y=2020"
"109020","109","1","33","Q","https://wwwq.moex.gov.tw/exam/wHandExamQandA_File.ashx?t=Q&code=109020&c=309&s=33&q=1","study_radiographer/sources/109_1/33_Q.pdf","659778","90D381CB989D434D5E66A6346DB74E5BF698BE735F793973697F23F3EA267601","2026-09-10","https://wwwq.moex.gov.tw/exam/wFrmExamQandASearch.aspx?e=109020&y=2020"
"109020","109","1","33","S","https://wwwq.moex.gov.tw/exam/wHandExamQandA_File.ashx?t=S&code=109020&c=309&s=33&q=1","study_radiographer/sources/109_1/33_S.pdf","45614","5B6F22EF42B04EDA3E4AE3706CFCC3AA93B9D1702663E963AC84668E42440AF3","2026-09-10","https://wwwq.moex.gov.tw/exam/wFrmExamQandASearch.aspx?e=109020&y=2020"
"109020","109","1","44","Q","https://wwwq.moex.gov.tw/exam/wHandExamQandA_File.ashx?t=Q&code=109020&c=309&s=44&q=1","study_radiographer/sources/109_1/44_Q.pdf","5399390","39AE8351BF3B877508C223F18DE745AFE2E01E657DAD21EECD941A0B5D086A66","2026-09-10","https://wwwq.moex.gov.tw/exam/wFrmExamQandASearch.aspx?e=109020&y=2020"
"109020","109","1","44","S","https://wwwq.moex.gov.tw/exam/wHandExamQandA_File.ashx?t=S&code=109020&c=309&s=44&q=1","study_radiographer/sources/109_1/44_S.pdf","44680","6AD7165A1120B89AC756098A9D17069754C6874E933B90A97E533FE97D10B4B4","2026-09-10","https://wwwq.moex.gov.tw/exam/wFrmExamQandASearch.aspx?e=109020&y=2020"
"109020","109","1","44","M","https://wwwq.moex.gov.tw/exam/wHandExamQandA_File.ashx?t=M&code=109020&c=309&s=44&q=1","study_radiographer/sources/109_1/44_M.pdf","46524","F18A1CD3F9D8E9D11ACBA1AC8D72DA396231C91983A08643927522A024302B2F","2026-09-10","https://wwwq.moex.gov.tw/exam/wFrmExamQandASearch.aspx?e=109020&y=2020"
"109020","109","1","55","Q","https://wwwq.moex.gov.tw/exam/wHandExamQandA_File.ashx?t=Q&code=109020&c=309&s=55&q=1","study_radiographer/sources/109_1/55_Q.pdf","1218702","32D3225E6551DE2EA71B4BCCEED2CE195BB1F5DCB92BB18EC4AA2C879907DC01","2026-09-10","https://wwwq.moex.gov.tw/exam/wFrmExamQandASearch.aspx?e=109020&y=2020"
"109020","109","1","55","S","https://wwwq.moex.gov.tw/exam/wHandExamQandA_File.ashx?t=S&code=109020&c=309&s=55&q=1","study_radiographer/sources/109_1/55_S.pdf","44140","5C4E875F11067176D2D40CED8E4FEF16071C05D2EE3004D3BEB956405A54737C","2026-09-10","https://wwwq.moex.gov.tw/exam/wFrmExamQandASearch.aspx?e=109020&y=2020"
"109020","109","1","66","Q","https://wwwq.moex.gov.tw/exam/wHandExamQandA_File.ashx?t=Q&code=109020&c=309&s=66&q=1","study_radiographer/sources/109_1/66_Q.pdf","398061","C49203FC5293F875F441FD28C1471957E1CC889298C88D0F0B57E38D6734C650","2026-09-10","https://wwwq.moex.gov.tw/exam/wFrmExamQandASearch.aspx?e=109020&y=2020"
"109020","109","1","66","S","https://wwwq.moex.gov.tw/exam/wHandExamQandA_File.ashx?t=S&code=109020&c=309&s=66&q=1","study_radiographer/sources/109_1/66_S.pdf","44168","54F229C550BD5FC4703BD006BF0F95C3DEF75F17AF2F35801175EFAB19CA1B0B","2026-09-10","https://wwwq.moex.gov.tw/exam/wFrmExamQandASearch.aspx?e=109020&y=2020"
"109100","109","2","11","Q","https://wwwq.moex.gov.tw/exam/wHandExamQandA_File.ashx?t=Q&code=109100&c=309&s=11&q=1","study_radiographer/sources/109_2/11_Q.pdf","740356","FAAE3C4BE3C15F78FEA361BDF5CD5576C5E74D7AD2087D5BAE6C86BA8DA2535E","2026-09-10","https://wwwq.moex.gov.tw/exam/wFrmExamQandASearch.aspx?e=109100&y=2020"
"109100","109","2","11","S","https://wwwq.moex.gov.tw/exam/wHandExamQandA_File.ashx?t=S&code=109100&c=309&s=11&q=1","study_radiographer/sources/109_2/11_S.pdf","44911","2E95DD40F178E839AD7EB071219FE0AA4E626287EDE1A7A10E004FA18715C67C","2026-09-10","https://wwwq.moex.gov.tw/exam/wFrmExamQandASearch.aspx?e=109100&y=2020"
"109100","109","2","11","M","https://wwwq.moex.gov.tw/exam/wHandExamQandA_File.ashx?t=M&code=109100&c=309&s=11&q=1","study_radiographer/sources/109_2/11_M.pdf","46749","CEF0BDC1E02C0593183ED73501650FBE2284E00D48429416EA3E4D1E04634F68","2026-09-10","https://wwwq.moex.gov.tw/exam/wFrmExamQandASearch.aspx?e=109100&y=2020"
"109100","109","2","22","Q","https://wwwq.moex.gov.tw/exam/wHandExamQandA_File.ashx?t=Q&code=109100&c=309&s=22&q=1","study_radiographer/sources/109_2/22_Q.pdf","1002390","2017FECD385E9EC4AA666E60E252E65F017815F2E66E0A996DE610D8B028A593","2026-09-10","https://wwwq.moex.gov.tw/exam/wFrmExamQandASearch.aspx?e=109100&y=2020"
"109100","109","2","22","S","https://wwwq.moex.gov.tw/exam/wHandExamQandA_File.ashx?t=S&code=109100&c=309&s=22&q=1","study_radiographer/sources/109_2/22_S.pdf","43927","720C09C2360D69A61C6D6B80830256649443B5F2CF4DF1920064C81E703231F3","2026-09-10","https://wwwq.moex.gov.tw/exam/wFrmExamQandASearch.aspx?e=109100&y=2020"
"109100","109","2","33","Q","https://wwwq.moex.gov.tw/exam/wHandExamQandA_File.ashx?t=Q&code=109100&c=309&s=33&q=1","study_radiographer/sources/109_2/33_Q.pdf","884893","0F4C24714FBA0E69404B1B03B4BDF676A57E88A52EAD737677868DB03F40FF18","2026-09-10","https://wwwq.moex.gov.tw/exam/wFrmExamQandASearch.aspx?e=109100&y=2020"
"109100","109","2","33","S","https://wwwq.moex.gov.tw/exam/wHandExamQandA_File.ashx?t=S&code=109100&c=309&s=33&q=1","study_radiographer/sources/109_2/33_S.pdf","45176","36F0C12B59128F2CFC879B9BDAFCDEF1309791B1223372BCD774C0013D045A8C","2026-09-10","https://wwwq.moex.gov.tw/exam/wFrmExamQandASearch.aspx?e=109100&y=2020"
"109100","109","2","44","Q","https://wwwq.moex.gov.tw/exam/wHandExamQandA_File.ashx?t=Q&code=109100&c=309&s=44&q=1","study_radiographer/sources/109_2/44_Q.pdf","1834088","546E55E04A5B90C67C30056B98DD75A46982EA40027A470CE61F524A03B629FE","2026-09-10","https://wwwq.moex.gov.tw/exam/wFrmExamQandASearch.aspx?e=109100&y=2020"
"109100","109","2","44","S","https://wwwq.moex.gov.tw/exam/wHandExamQandA_File.ashx?t=S&code=109100&c=309&s=44&q=1","study_radiographer/sources/109_2/44_S.pdf","44397","291632637D26962B4620B050B81266EDEFE8967F0BB1B557AB0156B4575AAB50","2026-09-10","https://wwwq.moex.gov.tw/exam/wFrmExamQandASearch.aspx?e=109100&y=2020"
"109100","109","2","55","Q","https://wwwq.moex.gov.tw/exam/wHandExamQandA_File.ashx?t=Q&code=109100&c=309&s=55&q=1","study_radiographer/sources/109_2/55_Q.pdf","748268","CC3BE37955A02DCF97F44D2E6F1963D2D6B6412B2186EC0EE0782B3D4D35904C","2026-09-10","https://wwwq.moex.gov.tw/exam/wFrmExamQandASearch.aspx?e=109100&y=2020"
"109100","109","2","55","S","https://wwwq.moex.gov.tw/exam/wHandExamQandA_File.ashx?t=S&code=109100&c=309&s=55&q=1","study_radiographer/sources/109_2/55_S.pdf","43909","1AC4774D4F4D472BB95E52ED47263BFC063CF480AA2484509AD21CE966B3FCD9","2026-09-10","https://wwwq.moex.gov.tw/exam/wFrmExamQandASearch.aspx?e=109100&y=2020"
"109100","109","2","66","Q","https://wwwq.moex.gov.tw/exam/wHandExamQandA_File.ashx?t=Q&code=109100&c=309&s=66&q=1","study_radiographer/sources/109_2/66_Q.pdf","1568983","4B9511AD1465C823D3DCB0556989161D1032AD418BD32CEE18BA11FD66AFEAC9","2026-09-10","https://wwwq.moex.gov.tw/exam/wFrmExamQandASearch.aspx?e=109100&y=2020"
"109100","109","2","66","S","https://wwwq.moex.gov.tw/exam/wHandExamQandA_File.ashx?t=S&code=109100&c=309&s=66&q=1","study_radiographer/sources/109_2/66_S.pdf","43897","98500B4ACD9F8F42FDB942A0B52DA0095929022AEA605F5249AF07208F70DF14","2026-09-10","https://wwwq.moex.gov.tw/exam/wFrmExamQandASearch.aspx?e=109100&y=2020"
"110020","110","1","11","Q","https://wwwq.moex.gov.tw/exam/wHandExamQandA_File.ashx?t=Q&code=110020&c=309&s=11&q=1","study_radiographer/sources/110_1/11_Q.pdf","1130125","E3943531D7351EF415612AF2D646F3434888159C99C83997696235E0F2355CD5","2026-09-10","https://wwwq.moex.gov.tw/exam/wFrmExamQandASearch.aspx?e=110020&y=2021"
"110020","110","1","11","S","https://wwwq.moex.gov.tw/exam/wHandExamQandA_File.ashx?t=S&code=110020&c=309&s=11&q=1","study_radiographer/sources/110_1/11_S.pdf","44577","015C473385C0DB7F9599B7BA4CC6B41D647DE4112EB4CB4BFAA7913DB6742385","2026-09-10","https://wwwq.moex.gov.tw/exam/wFrmExamQandASearch.aspx?e=110020&y=2021"
"110020","110","1","22","Q","https://wwwq.moex.gov.tw/exam/wHandExamQandA_File.ashx?t=Q&code=110020&c=309&s=22&q=1","study_radiographer/sources/110_1/22_Q.pdf","756551","5E50CAACBE2C94F250720CE461D39FC50006BEC8F9AEA9A186393B7BD45DB30C","2026-09-10","https://wwwq.moex.gov.tw/exam/wFrmExamQandASearch.aspx?e=110020&y=2021"
"110020","110","1","22","S","https://wwwq.moex.gov.tw/exam/wHandExamQandA_File.ashx?t=S&code=110020&c=309&s=22&q=1","study_radiographer/sources/110_1/22_S.pdf","43524","B912A75ECBBB330E41333AFD9389693979EA12B9614489BC3772784C2DC93A98","2026-09-10","https://wwwq.moex.gov.tw/exam/wFrmExamQandASearch.aspx?e=110020&y=2021"
"110020","110","1","33","Q","https://wwwq.moex.gov.tw/exam/wHandExamQandA_File.ashx?t=Q&code=110020&c=309&s=33&q=1","study_radiographer/sources/110_1/33_Q.pdf","795462","D619AA79DD85CCF7A7A98812BBB00CBADC630B326A71E2ACF220BF28B2012A84","2026-09-10","https://wwwq.moex.gov.tw/exam/wFrmExamQandASearch.aspx?e=110020&y=2021"
"110020","110","1","33","S","https://wwwq.moex.gov.tw/exam/wHandExamQandA_File.ashx?t=S&code=110020&c=309&s=33&q=1","study_radiographer/sources/110_1/33_S.pdf","44863","1C7E2D8B3BACF98DD721054631845ABF01466CA950F930B38C612D95875963CA","2026-09-10","https://wwwq.moex.gov.tw/exam/wFrmExamQandASearch.aspx?e=110020&y=2021"
"110020","110","1","33","M","https://wwwq.moex.gov.tw/exam/wHandExamQandA_File.ashx?t=M&code=110020&c=309&s=33&q=1","study_radiographer/sources/110_1/33_M.pdf","46753","D211071F2A385A51F0B0FA0BF53BE76FBE0AE2B34317EC0A77B1A39B8F2654CD","2026-09-10","https://wwwq.moex.gov.tw/exam/wFrmExamQandASearch.aspx?e=110020&y=2021"
"110020","110","1","44","Q","https://wwwq.moex.gov.tw/exam/wHandExamQandA_File.ashx?t=Q&code=110020&c=309&s=44&q=1","study_radiographer/sources/110_1/44_Q.pdf","1256069","7DC6633804967A0FD1C53EFBD604A72BC1F512BBA9047A784DD81B11361706D9","2026-09-10","https://wwwq.moex.gov.tw/exam/wFrmExamQandASearch.aspx?e=110020&y=2021"
"110020","110","1","44","S","https://wwwq.moex.gov.tw/exam/wHandExamQandA_File.ashx?t=S&code=110020&c=309&s=44&q=1","study_radiographer/sources/110_1/44_S.pdf","43896","CAC41E00C36820DFDA346E68B6CE4558DF595DE899B9740422FE985E458A26FC","2026-09-10","https://wwwq.moex.gov.tw/exam/wFrmExamQandASearch.aspx?e=110020&y=2021"
"110020","110","1","44","M","https://wwwq.moex.gov.tw/exam/wHandExamQandA_File.ashx?t=M&code=110020&c=309&s=44&q=1","study_radiographer/sources/110_1/44_M.pdf","45845","89C57F4F0536457FCE44EDAA027BC4A721FA012C24B40B5DE1980104CDEA9B17","2026-09-10","https://wwwq.moex.gov.tw/exam/wFrmExamQandASearch.aspx?e=110020&y=2021"
"110020","110","1","55","Q","https://wwwq.moex.gov.tw/exam/wHandExamQandA_File.ashx?t=Q&code=110020&c=309&s=55&q=1","study_radiographer/sources/110_1/55_Q.pdf","711023","2DB71EADF5B8384871748C18A3558E65532A3B36B97BA317155047FDB32DA26E","2026-09-10","https://wwwq.moex.gov.tw/exam/wFrmExamQandASearch.aspx?e=110020&y=2021"
"110020","110","1","55","S","https://wwwq.moex.gov.tw/exam/wHandExamQandA_File.ashx?t=S&code=110020&c=309&s=55&q=1","study_radiographer/sources/110_1/55_S.pdf","43360","60CB703E3A362CD8D6E209DF2A20FE681DBF1F43670677A324BD60B6F3FC14CF","2026-09-10","https://wwwq.moex.gov.tw/exam/wFrmExamQandASearch.aspx?e=110020&y=2021"
"110020","110","1","66","Q","https://wwwq.moex.gov.tw/exam/wHandExamQandA_File.ashx?t=Q&code=110020&c=309&s=66&q=1","study_radiographer/sources/110_1/66_Q.pdf","912470","EFD1DAB9A9474F69A920F33DE79F479DD174789BD958965C5A63D6E7A46714A9","2026-09-10","https://wwwq.moex.gov.tw/exam/wFrmExamQandASearch.aspx?e=110020&y=2021"
"110020","110","1","66","S","https://wwwq.moex.gov.tw/exam/wHandExamQandA_File.ashx?t=S&code=110020&c=309&s=66&q=1","study_radiographer/sources/110_1/66_S.pdf","43343","965D6EC77967CAA43204D0ACF178D7655D6FA1DE46654DBD57929C63617281AC","2026-09-10","https://wwwq.moex.gov.tw/exam/wFrmExamQandASearch.aspx?e=110020&y=2021"
"110020","110","1","66","M","https://wwwq.moex.gov.tw/exam/wHandExamQandA_File.ashx?t=M&code=110020&c=309&s=66&q=1","study_radiographer/sources/110_1/66_M.pdf","45339","5C6F67309A9A6D5FD7A76B316660E891B5C2AB0DB5C8B24B54FB581D6F188810","2026-09-10","https://wwwq.moex.gov.tw/exam/wFrmExamQandASearch.aspx?e=110020&y=2021"
"110100","110","2","11","Q","https://wwwq.moex.gov.tw/exam/wHandExamQandA_File.ashx?t=Q&code=110100&c=309&s=11&q=1","study_radiographer/sources/110_2/11_Q.pdf","592513","8E03D8D3BF815DA70F3C391DCC92B3F9E8B7F891E1A1E73E638FB7B7152986EE","2026-09-10","https://wwwq.moex.gov.tw/exam/wFrmExamQandASearch.aspx?e=110100&y=2021"
"110100","110","2","11","S","https://wwwq.moex.gov.tw/exam/wHandExamQandA_File.ashx?t=S&code=110100&c=309&s=11&q=1","study_radiographer/sources/110_2/11_S.pdf","44920","AE6C867C4FF4B63850B676EA46AA69D9846E618790A591B93966C3C82951688E","2026-09-10","https://wwwq.moex.gov.tw/exam/wFrmExamQandASearch.aspx?e=110100&y=2021"
"110100","110","2","11","M","https://wwwq.moex.gov.tw/exam/wHandExamQandA_File.ashx?t=M&code=110100&c=309&s=11&q=1","study_radiographer/sources/110_2/11_M.pdf","47624","6D9FE8C5AC74BC7665178277961214E53D4BD42410A6DE34AC093517BE1A8422","2026-09-10","https://wwwq.moex.gov.tw/exam/wFrmExamQandASearch.aspx?e=110100&y=2021"
"110100","110","2","22","Q","https://wwwq.moex.gov.tw/exam/wHandExamQandA_File.ashx?t=Q&code=110100&c=309&s=22&q=1","study_radiographer/sources/110_2/22_Q.pdf","742070","C0510A71ADB084E2C14D2AF02EB94B7901B534FA15E71B2A83BE264F5D7BB678","2026-09-10","https://wwwq.moex.gov.tw/exam/wFrmExamQandASearch.aspx?e=110100&y=2021"
"110100","110","2","22","S","https://wwwq.moex.gov.tw/exam/wHandExamQandA_File.ashx?t=S&code=110100&c=309&s=22&q=1","study_radiographer/sources/110_2/22_S.pdf","43934","5F445FA8CF70FF55386223057AD0033160B0F52B461B87C1C5F2648AE719AAB5","2026-09-10","https://wwwq.moex.gov.tw/exam/wFrmExamQandASearch.aspx?e=110100&y=2021"
"110100","110","2","33","Q","https://wwwq.moex.gov.tw/exam/wHandExamQandA_File.ashx?t=Q&code=110100&c=309&s=33&q=1","study_radiographer/sources/110_2/33_Q.pdf","441849","ADBAB0171D0295058C505379188DCEC8965060139F2240F52EBFBE20F8679E00","2026-09-10","https://wwwq.moex.gov.tw/exam/wFrmExamQandASearch.aspx?e=110100&y=2021"
"110100","110","2","33","S","https://wwwq.moex.gov.tw/exam/wHandExamQandA_File.ashx?t=S&code=110100&c=309&s=33&q=1","study_radiographer/sources/110_2/33_S.pdf","45189","8A23FFBFE26B1C0A45ABA30C331C55D1BC62D8DFCED2BF2A348B5C6691410983","2026-09-10","https://wwwq.moex.gov.tw/exam/wFrmExamQandASearch.aspx?e=110100&y=2021"
"110100","110","2","33","M","https://wwwq.moex.gov.tw/exam/wHandExamQandA_File.ashx?t=M&code=110100&c=309&s=33&q=1","study_radiographer/sources/110_2/33_M.pdf","47956","C1E779002F1CB72DE4E02C3ACFAE0F3370B2CBC32F60927A924072E2BCBA4402","2026-09-10","https://wwwq.moex.gov.tw/exam/wFrmExamQandASearch.aspx?e=110100&y=2021"
"110100","110","2","44","Q","https://wwwq.moex.gov.tw/exam/wHandExamQandA_File.ashx?t=Q&code=110100&c=309&s=44&q=1","study_radiographer/sources/110_2/44_Q.pdf","1593483","B4D87302038811E4A432C19EC5FB37F1DC9355B7040164FFF8362D22066BBD96","2026-09-10","https://wwwq.moex.gov.tw/exam/wFrmExamQandASearch.aspx?e=110100&y=2021"
"110100","110","2","44","S","https://wwwq.moex.gov.tw/exam/wHandExamQandA_File.ashx?t=S&code=110100&c=309&s=44&q=1","study_radiographer/sources/110_2/44_S.pdf","44398","DD9C51C4441A5760C06F77980C3BB474B6FDF40D0E4351F255623A93C7DD2DF6","2026-09-10","https://wwwq.moex.gov.tw/exam/wFrmExamQandASearch.aspx?e=110100&y=2021"
"110100","110","2","55","Q","https://wwwq.moex.gov.tw/exam/wHandExamQandA_File.ashx?t=Q&code=110100&c=309&s=55&q=1","study_radiographer/sources/110_2/55_Q.pdf","1062167","BAEC49F5995F0CC6C42A4F58C362EDC969D0A461AC0F720A54A30D6D7C94BC83","2026-09-10","https://wwwq.moex.gov.tw/exam/wFrmExamQandASearch.aspx?e=110100&y=2021"
"110100","110","2","55","S","https://wwwq.moex.gov.tw/exam/wHandExamQandA_File.ashx?t=S&code=110100&c=309&s=55&q=1","study_radiographer/sources/110_2/55_S.pdf","43911","1244D3805C05066F95915EFEAD4DECC400F7EC9E5886ADFB2008C75190F7A20D","2026-09-10","https://wwwq.moex.gov.tw/exam/wFrmExamQandASearch.aspx?e=110100&y=2021"
"110100","110","2","55","M","https://wwwq.moex.gov.tw/exam/wHandExamQandA_File.ashx?t=M&code=110100&c=309&s=55&q=1","study_radiographer/sources/110_2/55_M.pdf","46681","15EC3A63CB67BABE94735731079593DAAF5BB49C6D9B725405B6C92C0F41853D","2026-09-10","https://wwwq.moex.gov.tw/exam/wFrmExamQandASearch.aspx?e=110100&y=2021"
"110100","110","2","66","Q","https://wwwq.moex.gov.tw/exam/wHandExamQandA_File.ashx?t=Q&code=110100&c=309&s=66&q=1","study_radiographer/sources/110_2/66_Q.pdf","427673","D5037ECB0E763D1E1BE665D98287B71710AD79D5ED75546A36D80FDA23F50A45","2026-09-10","https://wwwq.moex.gov.tw/exam/wFrmExamQandASearch.aspx?e=110100&y=2021"
"110100","110","2","66","S","https://wwwq.moex.gov.tw/exam/wHandExamQandA_File.ashx?t=S&code=110100&c=309&s=66&q=1","study_radiographer/sources/110_2/66_S.pdf","43910","2ED6BF6724FCB9BA377D36E8C84736ADB7E5544424B62040F0197A678C531440","2026-09-10","https://wwwq.moex.gov.tw/exam/wFrmExamQandASearch.aspx?e=110100&y=2021"
